username,email,password
amritajain,amritajain@email.com,test
vandanapatel,vandanapatel@email.com,test
ananyachatterjee,ananyachatterjee@email.com,test
aashiagarwal,aashiagarwal@email.com,test
hemantverma,hemantverma@email.com,test
ishamehrotra,ishamehrotra@email.com,test
sudhirvashisht,sudhirvashisht@email.com,test
malasundaram,malasundaram@email.com,test
devikabanerjee,devikabanerjee@email.com,test
ishanbansal,ishanbansal@email.com,test
meheranshkarmakar,meheranshkarmakar@email.com,test
akhilsav,akhilsav@email.com,test
adhidevabagdi,adhidevabagdi@email.com,test
bhavyapaik,bhavyapaik@email.com,test
kairavvenkatesh,kairavvenkatesh@email.com,test
anildebbarma,anildebbarma@email.com,test
janakgandhi,janakgandhi@email.com,test
devagyarai,devagyarai@email.com,test
atulvenkatesh,atulvenkatesh@email.com,test
kanavmitra,kanavmitra@email.com,test
pratikmahapatra,pratikmahapatra@email.com,test
prathamlaxmi,prathamlaxmi@email.com,test
vibhassimha,vibhassimha@email.com,test
dandakgaddam,dandakgaddam@email.com,test
akileshpande,akileshpande@email.com,test
manasthota,manasthota@email.com,test
somasoni,somasoni@email.com,test
nakultadvi,nakultadvi@email.com,test
harshmittal,harshmittal@email.com,test
mohitkahar,mohitkahar@email.com,test
rohitmurali,rohitmurali@email.com,test
lakshkandi,lakshkandi@email.com,test
vibhavmali,vibhavmali@email.com,test
gulshanmukherjee,gulshanmukherjee@email.com,test
prasadrama,prasadrama@email.com,test
vibhaassimha,vibhaassimha@email.com,test
anirudhjoshi,anirudhjoshi@email.com,test
tenzinsaikia,tenzinsaikia@email.com,test
manishtambe,manishtambe@email.com,test
harshilraju,harshilraju@email.com,test
ayushrathav,ayushrathav@email.com,test
adrithsih,adrithsih@email.com,test
sareeklyer,sareeklyer@email.com,test
mahavirsaini,mahavirsaini@email.com,test
jaivardhanbhati,jaivardhanbhati@email.com,test
balveertomar,balveertomar@email.com,test
udayraja,udayraja@email.com,test
mayankchoudhary,mayankchoudhary@email.com,test
kalindapilli,kalindapilli@email.com,test
rishaanhegde,rishaanhegde@email.com,test
kashvijain,kashvijain@email.com,test
shrikagayakwad,shrikagayakwad@email.com,test
nainasinh,nainasinh@email.com,test
aksharamahato,aksharamahato@email.com,test
eshikapadhi,eshikapadhi@email.com,test
shivanyapatal,shivanyapatal@email.com,test
bhavanabairagi,bhavanabairagi@email.com,test
ajeyabhan,ajeyabhan@email.com,test
larabera,larabera@email.com,test
ridhiray,ridhiray@email.com,test
mahibose,mahibose@email.com,test
charismamati,charismamati@email.com,test
jagvimal,jagvimal@email.com,test
aadyachetry,aadyachetry@email.com,test
samairamallik,samairamallik@email.com,test
pragyakayal,pragyakayal@email.com,test
maithilipuri,maithilipuri@email.com,test
indirakrishn,indirakrishn@email.com,test
zoyabahadur,zoyabahadur@email.com,test
sharvireddy,sharvireddy@email.com,test
advikagupta,advikagupta@email.com,test
aahanagope,aahanagope@email.com,test
varshasagar,varshasagar@email.com,test
meenadoley,meenadoley@email.com,test
krishagolla,krishagolla@email.com,test
nithyatanti,nithyatanti@email.com,test
miravenkatesh,miravenkatesh@email.com,test
tanayamehta,tanayamehta@email.com,test
ananditatrivedi,ananditatrivedi@email.com,test
pihubarman,pihubarman@email.com,test
devikathota,devikathota@email.com,test
jaggvimal,jaggvimal@email.com,test
aarohilaxmi,aarohilaxmi@email.com,test
lopagurung,lopagurung@email.com,test
nanditabhatia,nanditabhatia@email.com,test
mahimaarya,mahimaarya@email.com,test
hasinalata,hasinalata@email.com,test
daanyajhala,daanyajhala@email.com,test
adyachetry,adyachetry@email.com,test
chavibaria,chavibaria@email.com,test
neelammalik,neelammalik@email.com,test
vikramroy,vikramroy@email.com,test
jyotisinghania,jyotisinghania@email.com,test
priyankagoyal,priyankagoyal@email.com,test
nishaagarwal,nishaagarwal@email.com,test
seematrivedi,seematrivedi@email.com,test
chatrheck,chatrheck@email.com,test
monakapoor,monakapoor@email.com,test
virentyagi,virentyagi@email.com,test
ananyakhanna,ananyakhanna@email.com,test
